Model,Threshold,ROC-AUC,PR-AUC,Precision,Recall,TP,FP,FN,TN,Total_Dollar_Cost
XGBoost,0.09000000000000001,0.9233156028368793,0.4845565980177602,0.29961089494163423,0.8020833333333334,77,180,19,1324,10960
Logistic Regression (baseline),0.5800000000000002,0.9002936613475178,0.3983488514680779,0.2435064935064935,0.78125,75,233,21,1271,12965
